ZapierTestName,Name,Email,D.P.Scaffold worker
textt211,test2111,sunny@knack.com,0421 594 294
textt311,test3111,sunny@knack.com,0402 301 426
textt411,test4111,sunny@knack.com,0419 169 669
10/01/2017 - La Jolla Shores, 09/23/2017 - Leadbetter Beach, 09/24/2017 - Leadbetter Beach, 09/10/2017 - C Street
08/26/2017 - Harbor Cove - South Jetty, 08/26/2017 - Harbor Cove - South Jetty, 08/26/2017 - Harbor Cove - South Jetty, 10/07/2017 - Harbor Cove - South Jetty
09/16/2017 - Hermosa Beach, 09/17/2017 - Hermosa Beach, 09/23/2017 - Pompano Beach, 09/24/2017 - Pompano Beach
09/09/2017 - Breakers Beach - Coronado

